sequence,drugID,operation,startedUTC,endedUTC,latencyMs,httpStatus,success,message
1,DRUG000001,RegisterDrug,2026-10-02T04:01:21.579657+00:00,2026-10-02T04:01:24.311401+00:00,2731.679,201,True,Drug registered successfully on the blockchain
2,DRUG000002,RegisterDrug,2026-10-02T04:01:24.339708+00:00,2026-10-02T04:01:26.601502+00:00,2261.743,201,True,Drug registered successfully on the blockchain
3,DRUG000003,RegisterDrug,2026-10-02T04:01:26.601754+00:00,2026-10-02T04:01:30.175529+00:00,3573.758,201,True,Drug registered successfully on the blockchain
4,DRUG000004,RegisterDrug,2026-10-02T04:01:30.175708+00:00,2026-10-02T04:01:32.441845+00:00,2266.120,201,True,Drug registered successfully on the blockchain
5,DRUG000005,RegisterDrug,2026-10-02T04:01:32.442144+00:00,2026-10-02T04:01:34.692807+00:00,2250.639,201,True,Drug registered successfully on the blockchain
6,DRUG000006,RegisterDrug,2026-10-02T04:01:34.693041+00:00,2026-10-02T04:01:36.789695+00:00,2249.990,201,True,Drug registered successfully on the blockchain
7,DRUG000007,RegisterDrug,2026-10-02T04:01:36.789936+00:00,2026-10-02T04:01:40.941188+00:00,4151.231,201,True,Drug registered successfully on the blockchain
8,DRUG000008,RegisterDrug,2026-10-02T04:01:40.941413+00:00,2026-10-02T04:01:43.193095+00:00,2251.664,201,True,Drug registered successfully on the blockchain
9,DRUG000009,RegisterDrug,2026-10-02T04:01:43.193439+00:00,2026-10-02T04:01:45.955601+00:00,2762.133,201,True,Drug registered successfully on the blockchain
10,DRUG000010,RegisterDrug,2026-10-02T04:01:45.955938+00:00,2026-10-02T04:01:48.166961+00:00,2210.993,201,True,Drug registered successfully on the blockchain
