sequence,transferID,drugID,stage,previousOwner,expectedNewOwner,blockchainOwner,operation,startedUTC,endedUTC,latencyMs,httpStatus,success,ownerMatch,message
1,TX0000001,DRUG000001,1,MFG_01,DIST_01,DIST_01,TransferOwnership,2026-10-02T04:04:28.015924+00:00,2026-10-02T04:04:30.321966+00:00,2305.990,200,True,True,Ownership transferred successfully
2,TX0000002,DRUG000001,2,DIST_01,WH_01,WH_01,TransferOwnership,2026-10-02T04:04:30.322660+00:00,2026-10-02T04:04:32.448737+00:00,2126.034,200,True,True,Ownership transferred successfully
3,TX0000003,DRUG000001,3,WH_01,RET_001,RET_001,TransferOwnership,2026-10-02T04:04:32.448893+00:00,2026-10-02T04:04:34.607943+00:00,2159.033,200,True,True,Ownership transferred successfully
4,TX0000004,DRUG000002,1,MFG_02,DIST_02,DIST_02,TransferOwnership,2026-10-02T04:04:34.608106+00:00,2026-10-02T04:04:36.761612+00:00,2151.922,200,True,True,Ownership transferred successfully
5,TX0000005,DRUG000002,2,DIST_02,WH_02,WH_02,TransferOwnership,2026-10-02T04:04:36.761801+00:00,2026-10-02T04:04:38.920248+00:00,2158.427,200,True,True,Ownership transferred successfully
6,TX0000006,DRUG000002,3,WH_02,RET_002,RET_002,TransferOwnership,2026-10-02T04:04:38.920465+00:00,2026-10-02T04:04:41.100357+00:00,2179.873,200,True,True,Ownership transferred successfully
7,TX0000007,DRUG000003,1,MFG_03,DIST_03,DIST_03,TransferOwnership,2026-10-02T04:04:41.100520+00:00,2026-10-02T04:04:43.272822+00:00,2172.287,200,True,True,Ownership transferred successfully
8,TX0000008,DRUG000003,2,DIST_03,WH_03,WH_03,TransferOwnership,2026-10-02T04:04:43.273004+00:00,2026-10-02T04:04:45.438917+00:00,2165.893,200,True,True,Ownership transferred successfully
9,TX0000009,DRUG000003,3,WH_03,RET_003,RET_003,TransferOwnership,2026-10-02T04:04:45.439098+00:00,2026-10-02T04:04:47.554740+00:00,2115.628,200,True,True,Ownership transferred successfully
10,TX0000010,DRUG000004,1,MFG_04,DIST_04,DIST_04,TransferOwnership,2026-10-02T04:04:47.554939+00:00,2026-10-02T04:04:49.698784+00:00,2143.830,200,True,True,Ownership transferred successfully
11,TX0000011,DRUG000004,2,DIST_04,WH_04,WH_04,TransferOwnership,2026-10-02T04:04:49.698976+00:00,2026-10-02T04:04:51.860070+00:00,2161.067,200,True,True,Ownership transferred successfully
12,TX0000012,DRUG000004,3,WH_04,RET_004,RET_004,TransferOwnership,2026-10-02T04:04:51.860241+00:00,2026-10-02T04:04:54.051897+00:00,2191.642,200,True,True,Ownership transferred successfully
13,TX0000013,DRUG000005,1,MFG_05,DIST_05,DIST_05,TransferOwnership,2026-10-02T04:04:54.052120+00:00,2026-10-02T04:04:56.252954+00:00,2200.812,200,True,True,Ownership transferred successfully
14,TX0000014,DRUG000005,2,DIST_05,WH_05,WH_05,TransferOwnership,2026-10-02T04:04:56.253211+00:00,2026-10-02T04:04:58.515961+00:00,2262.726,200,True,True,Ownership transferred successfully
15,TX0000015,DRUG000005,3,WH_05,RET_005,RET_005,TransferOwnership,2026-10-02T04:04:58.516131+00:00,2026-10-02T04:05:00.702647+00:00,2186.498,200,True,True,Ownership transferred successfully
16,TX0000016,DRUG000006,1,MFG_06,DIST_06,DIST_06,TransferOwnership,2026-10-02T04:05:00.702827+00:00,2026-10-02T04:05:02.856968+00:00,2154.126,200,True,True,Ownership transferred successfully
17,TX0000017,DRUG000006,2,DIST_06,WH_06,WH_06,TransferOwnership,2026-10-02T04:05:02.857160+00:00,2026-10-02T04:05:05.014895+00:00,2157.718,200,True,True,Ownership transferred successfully
18,TX0000018,DRUG000006,3,WH_06,RET_006,RET_006,TransferOwnership,2026-10-02T04:05:05.015075+00:00,2026-10-02T04:05:07.144656+00:00,2129.682,200,True,True,Ownership transferred successfully
19,TX0000019,DRUG000007,1,MFG_07,DIST_07,DIST_07,TransferOwnership,2026-10-02T04:05:07.144889+00:00,2026-10-02T04:05:09.294810+00:00,2149.902,200,True,True,Ownership transferred successfully
20,TX0000020,DRUG000007,2,DIST_07,WH_07,WH_07,TransferOwnership,2026-10-02T04:05:09.295009+00:00,2026-10-02T04:05:11.450691+00:00,2155.660,200,True,True,Ownership transferred successfully
21,TX0000021,DRUG000007,3,WH_07,RET_007,RET_007,TransferOwnership,2026-10-02T04:05:11.450906+00:00,2026-10-02T04:05:13.615307+00:00,2164.383,200,True,True,Ownership transferred successfully
22,TX0000022,DRUG000008,1,MFG_08,DIST_08,DIST_08,TransferOwnership,2026-10-02T04:05:13.615477+00:00,2026-10-02T04:05:15.776457+00:00,2160.969,200,True,True,Ownership transferred successfully
23,TX0000023,DRUG000008,2,DIST_08,WH_08,WH_08,TransferOwnership,2026-10-02T04:05:15.776622+00:00,2026-10-02T04:05:17.917494+00:00,2140.858,200,True,True,Ownership transferred successfully
24,TX0000024,DRUG000008,3,WH_08,RET_008,RET_008,TransferOwnership,2026-10-02T04:05:17.917641+00:00,2026-10-02T04:05:20.076267+00:00,2158.613,200,True,True,Ownership transferred successfully
25,TX0000025,DRUG000009,1,MFG_09,DIST_09,DIST_09,TransferOwnership,2026-10-02T04:05:20.076402+00:00,2026-10-02T04:05:22.221649+00:00,2145.235,200,True,True,Ownership transferred successfully
26,TX0000026,DRUG000009,2,DIST_09,WH_09,WH_09,TransferOwnership,2026-10-02T04:05:22.221831+00:00,2026-10-02T04:05:24.352476+00:00,2130.628,200,True,True,Ownership transferred successfully
27,TX0000027,DRUG000009,3,WH_09,RET_009,RET_009,TransferOwnership,2026-10-02T04:05:24.352641+00:00,2026-10-02T04:05:26.506785+00:00,2154.128,200,True,True,Ownership transferred successfully
28,TX0000028,DRUG000010,1,MFG_10,DIST_10,DIST_10,TransferOwnership,2026-10-02T04:05:26.507015+00:00,2026-10-02T04:05:28.676639+00:00,2169.604,200,True,True,Ownership transferred successfully
29,TX0000029,DRUG000010,2,DIST_10,WH_10,WH_10,TransferOwnership,2026-10-02T04:05:28.676804+00:00,2026-10-02T04:05:30.812977+00:00,2136.160,200,True,True,Ownership transferred successfully
30,TX0000030,DRUG000010,3,WH_10,RET_010,RET_010,TransferOwnership,2026-10-02T04:05:30.813115+00:00,2026-10-02T04:05:32.963997+00:00,2150.872,200,True,True,Ownership transferred successfully
