operation,trial,latency_ms
RegisterDrug,1,3850.689
RegisterDrug,2,2131.659
RegisterDrug,3,2096.388
RegisterDrug,4,2121.338
RegisterDrug,5,2144.553
RegisterDrug,6,2084.886
RegisterDrug,7,2093.69
RegisterDrug,8,2082.21
RegisterDrug,9,2083.45
RegisterDrug,10,2095.333
RegisterDrug,11,2075.469
RegisterDrug,12,2080.634
RegisterDrug,13,2087.376
RegisterDrug,14,2073.756
RegisterDrug,15,2068.888
RegisterDrug,16,2081.979
RegisterDrug,17,2073.495
RegisterDrug,18,2071.334
RegisterDrug,19,2066.669
RegisterDrug,20,2076.221
VerifyDrug,1,68.371
VerifyDrug,2,13.816
VerifyDrug,3,11.314
VerifyDrug,4,11.128
VerifyDrug,5,14.505
VerifyDrug,6,16.219
VerifyDrug,7,13.66
VerifyDrug,8,15.223
VerifyDrug,9,13.008
VerifyDrug,10,15.637
VerifyDrug,11,13.623
VerifyDrug,12,9.915
VerifyDrug,13,14.304
VerifyDrug,14,13.431
VerifyDrug,15,14.059
VerifyDrug,16,12.639
VerifyDrug,17,13.693
VerifyDrug,18,12.892
VerifyDrug,19,10.811
VerifyDrug,20,14.938
TransferOwnership,1,2148.467
TransferOwnership,2,2114.315
TransferOwnership,3,2126.312
TransferOwnership,4,2079.642
TransferOwnership,5,2088.202
TransferOwnership,6,2080.562
TransferOwnership,7,2078.529
TransferOwnership,8,2090.771
TransferOwnership,9,2110.266
TransferOwnership,10,2073.253
TransferOwnership,11,2070.266
TransferOwnership,12,2123.486
TransferOwnership,13,2091.747
TransferOwnership,14,2086.394
TransferOwnership,15,2073.525
TransferOwnership,16,2108.265
TransferOwnership,17,2093.085
TransferOwnership,18,2076.132
TransferOwnership,19,2069.846
TransferOwnership,20,2079.161
RevokeDrug,1,2102.481
RevokeDrug,2,2086.571
RevokeDrug,3,2081.908
RevokeDrug,4,2076.374
RevokeDrug,5,2067.469
RevokeDrug,6,2067.835
RevokeDrug,7,2078.689
RevokeDrug,8,2082.379
RevokeDrug,9,2067.362
RevokeDrug,10,2070.851
RevokeDrug,11,2081.855
RevokeDrug,12,2077.851
RevokeDrug,13,2073.555
RevokeDrug,14,2082.048
RevokeDrug,15,2080.145
RevokeDrug,16,2068.988
RevokeDrug,17,2064.523
RevokeDrug,18,2069.852
RevokeDrug,19,2077.498
RevokeDrug,20,2091.724
