rule,variationPercent,baselineWeight,testedWeight,cases,unchangedClassifications,changedClassifications,decisionAgreementRatePercent,meanAbsoluteScoreChange
Critical Verification Failure,-20,90,72.0,9,9,0,100.0,2.0
Critical Verification Failure,-10,90,81.0,9,9,0,100.0,1.0
Critical Verification Failure,0,90,90.0,9,9,0,100.0,0.0
Critical Verification Failure,10,90,99.0,9,9,0,100.0,1.0
Critical Verification Failure,20,90,108.0,9,9,0,100.0,1.11
Gateway/System Failure,-20,50,40.0,9,9,0,100.0,1.11
Gateway/System Failure,-10,50,45.0,9,9,0,100.0,0.56
Gateway/System Failure,0,50,50.0,9,9,0,100.0,0.0
Gateway/System Failure,10,50,55.0,9,9,0,100.0,0.56
Gateway/System Failure,20,50,60.0,9,9,0,100.0,1.11
Revoked Product,-20,70,56.0,9,8,1,88.89,1.56
Revoked Product,-10,70,63.0,9,8,1,88.89,0.78
Revoked Product,0,70,70.0,9,9,0,100.0,0.0
Revoked Product,10,70,77.0,9,9,0,100.0,0.78
Revoked Product,20,70,84.0,9,9,0,100.0,1.56
Repeated Scan,-20,10,8.0,9,8,1,88.89,0.44
Repeated Scan,-10,10,9.0,9,8,1,88.89,0.22
Repeated Scan,0,10,10.0,9,9,0,100.0,0.0
Repeated Scan,10,10,11.0,9,9,0,100.0,0.22
Repeated Scan,20,10,12.0,9,9,0,100.0,0.44
Excessive Scan Frequency,-20,20,16.0,9,8,1,88.89,0.89
Excessive Scan Frequency,-10,20,18.0,9,8,1,88.89,0.44
Excessive Scan Frequency,0,20,20.0,9,9,0,100.0,0.0
Excessive Scan Frequency,10,20,22.0,9,9,0,100.0,0.44
Excessive Scan Frequency,20,20,24.0,9,9,0,100.0,0.89
Geographic Anomaly,-20,40,32.0,9,8,1,88.89,1.78
Geographic Anomaly,-10,40,36.0,9,8,1,88.89,0.89
Geographic Anomaly,0,40,40.0,9,9,0,100.0,0.0
Geographic Anomaly,10,40,44.0,9,9,0,100.0,0.89
Geographic Anomaly,20,40,48.0,9,9,0,100.0,1.78
