concurrency,run,requests,successful,failed,success_rate_percent,total_time_seconds,throughput_requests_per_second,mean_latency_ms,median_latency_ms,p95_latency_ms,p99_latency_ms,minimum_latency_ms,maximum_latency_ms
1,1,100,100,0,100.0,3.193,31.32,31.734,21.832,82.972,105.318,13.706,124.15
1,2,100,100,0,100.0,3.072,32.547,30.543,18.382,69.358,313.858,9.998,344.696
1,3,100,100,0,100.0,2.392,41.811,23.721,16.85,56.79,96.248,11.033,143.206
5,1,100,100,0,100.0,1.672,59.825,82.717,65.956,176.929,231.822,24.521,238.078
5,2,100,100,0,100.0,1.235,80.956,60.319,55.781,97.267,122.642,28.71,130.427
5,3,100,100,0,100.0,3.334,29.998,164.639,53.682,267.121,2158.893,29.822,2168.023
10,1,100,100,0,100.0,1.093,91.463,102.233,92.852,154.039,172.692,61.563,178.097
10,2,100,100,0,100.0,1.862,53.71,183.666,188.623,406.453,489.557,19.988,490.906
10,3,100,100,0,100.0,1.353,73.915,132.385,103.516,310.537,325.141,27.305,406.644
20,1,100,100,0,100.0,0.758,131.844,132.558,138.44,152.676,156.538,34.927,158.014
20,2,100,100,0,100.0,0.787,127.07,134.887,148.818,186.672,197.061,46.768,204.601
20,3,100,100,0,100.0,0.962,103.904,174.486,172.172,240.391,260.214,41.824,266.32
50,1,100,100,0,100.0,0.811,123.348,295.435,362.02,397.982,403.452,44.493,404.507
50,2,100,100,0,100.0,0.641,156.097,240.148,283.682,327.383,334.106,56.065,334.166
50,3,100,100,0,100.0,1.568,63.764,596.054,682.89,816.035,832.449,77.061,842.053
75,1,100,100,0,100.0,1.589,62.945,728.052,810.594,1231.18,1243.809,42.129,1248.045
75,2,100,100,0,100.0,1.081,92.474,434.462,399.708,727.64,748.345,53.069,748.525
75,3,100,100,0,100.0,0.92,108.664,403.303,396.967,662.148,670.785,56.292,672.863
100,1,100,100,0,100.0,0.789,126.739,395.741,436.917,636.308,640.668,34.377,646.589
100,2,100,100,0,100.0,0.775,129.109,328.708,280.931,631.888,643.487,22.977,643.842
100,3,100,100,0,100.0,0.724,138.162,313.529,295.016,561.937,570.595,32.823,574.64
